email,subject,message
example@mail.com,Subject,Type your message...
example@mail.com,Subject,Type your message...
example@mail.com,Subject,Type your message...
example@mail.com,Subject,"Type your message...
sdfdsf
dfghgfh"
example@mail.com,Subject,Type your message...
example@mail.com,Subject,Type your message...
example@mail.com,Subject,Type your message...
example@mail.com,Subject,Type your message...
example@mail.com,Subject,Type your message...
example@mail.com,Subject,Type your message...
example@mail.com,Subject,Type your message...
example@mail.com,Subject,Type your message...
example@mail.com,Subject,Type your message...
example@mail.com,Subject 2222,Type your message...
example@mail.com,Subject,Type your message...
example@mail.com,Subject,Type your message...
example@mail.com,Subject,Type your message...
example@mail.com,Subject,Type your message...
example@mail.com,Subject example,Type your message...
